{"x":[893.0460000000894,1504.9109999984503,1628.0496249981225,1711.8832909986377,1789.2708749994636,1878.5758330002427,2063.234416000545,2129.934374999255,2493.7647910006344,2648.6886250004172,2706.6502499990165,2836.495707999915,2886.5039159990847,2932.194958001375,3030.7697909995914,3117.5390410013497,3162.502540998161,3565.700082998723,3675.710583001375,3725.2142079994082,3774.1309159994125,3824.787415999919,3888.40508300066,3943.7269999980927,3994.340624999255,4038.8913749977946,4081.8084999993443,4538.82158299908,4637.038332998753,4686.375124998391,4740.425583001226,4791.765207998455,4841.882249999791,4886.22887500003,4931.076875001192,4989.656332999468,5046.060499999672,5404.908583000302,5497.712582997978,5588.326166000217,5667.477040998638,5730.125165998936,5778.197583001107,5826.082375001162,5894.474457997829,5969.759707998484,6043.058749999851,6471.886124998331,6571.373165998608,6626.289000000805,6663.837249998003,6720.758416000754,6773.389415998012,6821.813249997795,6868.592540998012,6914.642625000328,6954.839166000485,7465.741707999259,7518.350832998753,7566.345832999796,7612.6934159994125,7653.946040999144,7695.233874998987,7738.294291000813,7778.156541001052,7830.624458000064,7868.523874998093,8476.97116599977,8539.035540997982,8580.383999999613,8635.721790999174,8688.937750000507,8781.602083001286,8839.830791000277,8903.746874999255,8961.35550000146,9119.049249999225,9671.566790997982,9756.510832998902,9826.731249999255,9895.623457998037,9957.24333300069,10016.495625000447,10076.290833000094,10139.009415999055,10195.851624999195,10262.400665998459,10759.513790998608,10850.062249999493,10920.152708001435,10994.432916000485,11054.145500000566,11099.445165999234,11160.719916000962,11208.370790999383,11262.114082999527,11322.032499998808,11857.725333001465,11928.359875001013,11972.73870800063,12017.575458001345,12066.837540999055,12105.402832999825,12149.831207998097,12212.762915998697,12260.390374999493],"y":[58,140,197,264,331,389,447,504,591,648,737,795,852,915,972,1030,1088,1155,1213,1271,1335,1392,1449,1516,1574,1637,1700,1767,1825,1883,1947,2005,2063,2136,2230,2299,2362,2425,2534,2642,2705,2762,2825,2929,3012,3069,3126,3184,3259,3322,3396,3471,3535,3607,3670,3736,3799,3873,3939,4005,4071,4137,4203,4269,4335,4401,4467,4533,4599,4672,4745,4818,4891,4964,5037,5107,5180,5245,5310,5369,5443,5508,5573,5638,5702,5767,5840,5905,5970,6035,6100,6165,6230,6295,6360,6425,6490,6555,6620,6685,6750,6815,6880,6945,7010,7075],"type":"scatter"}