{"x":[888.3603329993784,1492.7640829980373,1599.7903329990804,1703.715041000396,1779.8679579980671,1870.5239159986377,2054.98054099828,2121.6792079992592,2470.167374998331,2640.678124997765,2692.921875,2828.2795829996467,2878.5939159989357,2923.6634999997914,3022.311832997948,3109.6696659997106,3154.62383300066,3542.2469159998,3667.428665999323,3717.081333000213,3769.9358749985695,3816.8835409991443,3880.141165997833,3934.231332998723,3986.0938749983907,4030.0820829980075,4073.0178750008345,4521.20775000006,4627.315625000745,4676.842207998037,4731.321791000664,4782.536874998361,4833.423790998757,4875.9747500009835,4919.856415998191,4980.61104099825,5036.902082998306,5381.411791000515,5483.1853750012815,5575.080791000277,5657.767041001469,5721.133416000754,5768.783124998212,5812.742415998131,5880.484249997884,5956.945540998131,6033.061958000064,6451.62308299914,6559.796749997884,6617.000082999468,6652.970708001405,6709.418708000332,6763.88945800066,6810.60283299908,6858.32966599986,6904.781541001052,6945.243290998042,7444.829207997769,7506.790500000119,7556.000250000507,7602.377500001341,7643.819375000894,7685.063790999353,7728.212540999055,7767.749958001077,7818.36487499997,7858.155708000064,8451.636082999408,8528.258166000247,8568.996415998787,8624.134208001196,8677.289999999106,8770.074832998216,8827.478041000664,8892.219875000417,8949.506707999855,9106.27904099971,9650.735332999378,9745.804708000273,9816.883875001222,9882.76012500003,9946.324958000332,10005.766957998276,10065.04387500137,10128.20862499997,10184.68287499994,10249.777125000954,10734.516082998365,10838.659665998071,10908.120207998902,10983.019124999642,11042.957915998995,11088.454332999885,11149.675000000745,11197.23679099977,11251.048624999821,11310.601332999766,11829.4303749986,11916.509332999587,11961.225708000362,12006.319083001465,12055.496249999851,12093.9031659998,12137.98524999991,12200.28916599974,12248.733791001141,12298.518374998122],"y":[147,312,452,597,757,920,1087,1238,1412,1549,1718,1859,2011,2165,2308,2468,2617,2771,2938,3090,3243,3396,3542,3696,3846,3985,4139,4294,4454,4610,4770,4922,5080,5234,5399,5545,5681,5819,6016,6212,6374,6534,6705,6897,7068,7218,7376,7548,7700,7837,7984,8134,8281,8428,8565,8702,8845,8991,9128,9265,9402,9539,9676,9813,9950,10087,10224,10362,10499,10664,10832,11001,11150,11306,11461,11618,11774,11927,12073,12219,12368,12515,12662,12808,12966,13112,13264,13412,13567,13713,13857,14001,14147,14291,14436,14583,14729,14883,15028,15173,15322,15467,15612,15761,15911,16057,16216],"type":"scatter"}