{"x":[1090.46683299914,1591.8234999999404,1696.6227909997106,1771.23362499848,1847.9883329980075,2043.4314160011709,2114.875707998872,2174.210000000894,2632.4272079989314,2686.7797079980373,2823.171875,2871.7371659986675,2919.308791000396,3016.4572909995914,3104.1884999983013,3150.886332999915,3186.5717080011964,3660.7964579984546,3713.232625000179,3765.6679159998894,3812.7877499982715,3876.405625000596,3927.5592500008643,3980.238166000694,4025.2796249985695,4069.110665999353,4109.77499999851,4579.514249999076,4670.901083000004,4724.66416599974,4777.699790999293,4826.520790997893,4872.452082999051,4914.270957998931,4975.036499999464,5033.682374998927,5084.076582998037,5455.454374998808,5567.278290998191,5650.479832999408,5715.531833000481,5763.7789999991655,5808.236999999732,5876.239666000009,5951.544790998101,6024.37666599825,6090.274000000209,6552.8110410012305,6612.938582997769,6649.19658299908,6705.61283300072,6760.188999999315,6806.86016599834,6854.844374999404,6901.317290998995,6941.717082999647,6979.889541000128,7502.994165997952,7551.691332999617,7599.134500000626,7639.802207998931,7680.939582999796,7725.022916000336,7764.3559579998255,7814.9202909991145,7854.952624998987,7893.504999998957,8524.061124999076,8564.489415999502,8619.30237499997,8673.268374998122,8765.764708001167,8823.11166600138,8886.55316599831,8944.917457997799,9102.128082998097,9157.1491249986,9739.282708000392,9811.756790999323,9877.476583000273,9941.362707998604,10002.230999998748,10059.579707998782,10124.096540998667,10179.747749999166,10245.490249998868,10303.608291000128,10833.013165999204,10904.599624998868,10975.968541000038,11035.85300000012,11084.975249998271,11145.37887499854,11192.004790998995,11247.621332999319,11304.51816599816,11364.222833000124,11910.025125000626,11955.905790999532,12002.15433299914,12051.37608299777,12090.623165998608,12129.906041000038,12193.531124997884,12245.010874997824,12294.522165998816],"y":[74,74,121,158,158,440,481,484,520,583,585,623,633,745,770,794,804,1011,1023,1049,1049,1105,1105,1112,1112,1146,1169,1171,1220,1251,1258,1286,1329,1336,1336,1336,1353,1358,1358,1358,1385,1385,1392,1392,1392,1414,1434,1472,1493,1505,1562,1606,1642,1663,1711,1760,1769,1769,1789,1816,1840,1895,1902,1930,1946,1965,1988,2006,2030,2063,2088,2118,2170,2260,2311,2347,2370,2375,2392,2402,2444,2444,2450,2450,2455,2455,2488,2507,2520,2530,2535,2539,2539,2542,2542,2551,2551,2558,2562,2586,2607,2609,2612,2618,2620,2628],"type":"scatter"}